Website,URL
facebook,https://www.facebook.com/
youtube,https://www.youtube.com/
instagram,https://www.instagram.com/
linkedin,https://www.linkedin.com/
twitter,https://www.twitter.com/
discord,https://discord.com/
spotify,https://www.spotify.com/
hotstar,https://www.hotstar.com/
netflix,https://www.netflix.com/
reddit,https://www.reddit.com/
twitch,https://www.twitch.tv/
snapchat,https://www.snapchat.com/
tiktok,https://www.tiktok.com/
pinterest,https://www.pinterest.com/
primevideo,https://www.primevideo.com/
google,https://www.google.com/
vimeo,https://www.vimeo.com/
quora,https://www.quora.com/
tumblr,https://www.tumblr.com/
flickr,https://www.flickr.com/
soundcloud,https://www.soundcloud.com/
deviantart,https://www.deviantart.com/
dailymotion,https://www.dailymotion.com/
telegram,https://www.telegram.org/
skype,https://www.skype.com/
whatsapp,https://www.whatsapp.com/
bandcamp,https://www.bandcamp.com/
viber,https://www.viber.com/
weheartit,https://www.weheartit.com/
imgur,https://www.imgur.com/
medium,https://www.medium.com/
flipkart,https://www.flipkart.com/
amazon,https://www.amazon.in/
myntra,https://www.myntra.com/
snapdeal,https://www.snapdeal.com/
ajio,https://www.ajio.com/
bookmyshow,https://in.bookmyshow.com/
jiosaavn,https://www.jiosaavn.com/
gaana,https://www.gaana.com/
zee5,https://www.zee5.com/
sonyliv,https://www.sonyliv.com/
mxplayer,https://www.mxplayer.in/
voot,https://www.voot.com/
cricbuzz,https://www.cricbuzz.com/
espncricinfo,https://www.espncricinfo.com/
ndtv,https://www.ndtv.com/
timesofindia,https://timesofindia.indiatimes.com/
indiatoday,https://www.indiatoday.in/
thehindu,https://www.thehindu.com/
business-standard,https://www.business-standard.com/
livemint,https://www.livemint.com/
swiggy,https://www.swiggy.com/
zomato,https://www.zomato.com/
makemytrip,https://www.makemytrip.com/
yatra,https://www.yatra.com/
olacabs,https://www.olacabs.com/
uber,https://www.uber.com/
paytm,https://paytm.com/
phonepe,https://www.phonepe.com/
mobikwik,https://www.mobikwik.com/
bhim,https://www.bhimupi.org.in/
irctc,https://www.irctc.co.in/reddit,https://www.reddit.comreddit,https://www.reddit.comreddit,https://www.reddit.com
reddit,https://www.reddit.com
reddit,https://www.reddit.com
reddit,https://www.reddit.com
reddit,https://www.reddit.com
reddit,https://www.reddit.com
